SET FOREIGN_KEY_CHECKS=0;
SET SQL_MODE = "NO_AUTO_VALUE_ON_ZERO";
SET time_zone = "+00:00";


/*!40101 SET @OLD_CHARACTER_SET_CLIENT=@@CHARACTER_SET_CLIENT */;
/*!40101 SET @OLD_CHARACTER_SET_RESULTS=@@CHARACTER_SET_RESULTS */;
/*!40101 SET @OLD_COLLATION_CONNECTION=@@COLLATION_CONNECTION */;
/*!40101 SET NAMES utf8 */;

--
-- Database: `cinema`
--

-- --------------------------------------------------------

--
-- Table structure for table `cinema`
--

CREATE TABLE IF NOT EXISTS `cinema` (
  `id` int(11) NOT NULL AUTO_INCREMENT,
  `name` varchar(100) COLLATE utf8_unicode_ci NOT NULL,
  `address` varchar(100) COLLATE utf8_unicode_ci NOT NULL,
  `slug` varchar(100) COLLATE utf8_unicode_ci NOT NULL,
  PRIMARY KEY (`id`),
  UNIQUE KEY `UNIQ_D48304B45E237E06` (`name`),
  UNIQUE KEY `UNIQ_D48304B4D4E6F81` (`address`),
  UNIQUE KEY `UNIQ_D48304B4989D9B62` (`slug`)
) ENGINE=InnoDB  DEFAULT CHARSET=utf8 COLLATE=utf8_unicode_ci AUTO_INCREMENT=4 ;

--
-- Dumping data for table `cinema`
--

INSERT INTO `cinema` (`id`, `name`, `address`, `slug`) VALUES
(1, 'Искра', 'Проспект Октября, 100', 'iskra'),
(2, 'Мир кино', 'Проспект Октября, 4', 'mir_kino'),
(3, 'Кинопростор', 'Маршала Жукова, 10', 'kinoprostor');

-- --------------------------------------------------------

--
-- Table structure for table `film`
--

CREATE TABLE IF NOT EXISTS `film` (
  `id` int(11) NOT NULL AUTO_INCREMENT,
  `title` varchar(100) COLLATE utf8_unicode_ci NOT NULL,
  `poster` varchar(255) COLLATE utf8_unicode_ci DEFAULT NULL,
  `slug` varchar(100) COLLATE utf8_unicode_ci NOT NULL,
  PRIMARY KEY (`id`),
  UNIQUE KEY `UNIQ_8244BE222B36786B` (`title`),
  UNIQUE KEY `UNIQ_8244BE22989D9B62` (`slug`)
) ENGINE=InnoDB  DEFAULT CHARSET=utf8 COLLATE=utf8_unicode_ci AUTO_INCREMENT=21 ;

--
-- Dumping data for table `film`
--

INSERT INTO `film` (`id`, `title`, `poster`, `slug`) VALUES
(1, 'A Chinese Odyssey Part One : Pandora Box', 'http://image.tmdb.org/t/p/w300/lc2JdGWjPz7wM1u75HU3nTTWkmM.jpg', 'a_chinese_odyssey_part_one_pandora_box'),
(2, 'M', 'http://image.tmdb.org/t/p/w300/7a1Wx3gI13I1Svrme94DfbzxMHo.jpg', 'm'),
(3, 'Ghost in the Shell: Solid State Society', 'http://image.tmdb.org/t/p/w300/Da9v8ALgDNsvdf7s6t5D7cfqUY.jpg', 'ghost_in_the_shell_solid_state_society'),
(4, 'The Shawshank Redemption', 'http://image.tmdb.org/t/p/w300/9O7gLzmreU0nGkIB6K3BsJbzvNv.jpg', 'the_shawshank_redemption'),
(5, 'The Godfather', 'http://image.tmdb.org/t/p/w300/d4KNaTrltq6bpkFS01pYtyXa09m.jpg', 'the_godfather'),
(6, 'Her', 'http://image.tmdb.org/t/p/w300/8f8Hisd36IN8jN1OpKxsxRu8i57.jpg', 'her'),
(7, 'The LEGO Movie', 'http://image.tmdb.org/t/p/w300/lMHbadNmznKs5vgBAkHxKGHulOa.jpg', 'the_lego_movie'),
(8, 'Rashomon', 'http://image.tmdb.org/t/p/w300/z9hLdjaqQBADwBj90pULE9zgh3t.jpg', 'rashomon'),
(9, 'The Elephant Man', 'http://image.tmdb.org/t/p/w300/lDXJUmLQsViSKLbil2luD91l2kE.jpg', 'the_elephant_man'),
(10, 'The City of Lost Children', 'http://image.tmdb.org/t/p/w300/dr7PpAlJe1cige23o6HrnxIYMcw.jpg', 'the_city_of_lost_children'),
(11, 'Papillon', 'http://image.tmdb.org/t/p/w300/q1tmTQvEWbJgf8eccX1XWXxWKkK.jpg', 'papillon'),
(12, 'Miller''s Crossing', 'http://image.tmdb.org/t/p/w300/gmUAhNHY4bxQzgHjXci5JAW7u62.jpg', 'miller_s_crossing'),
(13, 'Sunset Boulevard', 'http://image.tmdb.org/t/p/w300/rLVGv4Zvlh4xejieJviamfnmMEY.jpg', 'sunset_boulevard'),
(14, 'Ghost in the Shell 2.0', 'http://image.tmdb.org/t/p/w300/k5hNZflSbNkdufEIzOqVKimzZhE.jpg', 'ghost_in_the_shell_2_0'),
(15, 'Ghost Dog: The Way of the Samurai', 'http://image.tmdb.org/t/p/w300/vkmrlVxvcQ6NPWlXBS9mqQ7goVv.jpg', 'ghost_dog_the_way_of_the_samurai'),
(16, 'Gravity', 'http://image.tmdb.org/t/p/w300/2gPjLWIyrWlAn2DgKMOKTBnZYyO.jpg', 'gravity'),
(17, '12 Angry Men', 'http://image.tmdb.org/t/p/w300/wvlFtIwh0GIqHRAz9F5cCch2IJD.jpg', '12_angry_men'),
(18, 'The Wolf of Wall Street', 'http://image.tmdb.org/t/p/w300/wAgdJRx4uZ0u4uzu34NOMvtjLAR.jpg', 'the_wolf_of_wall_street'),
(19, 'Captain Phillips', 'http://image.tmdb.org/t/p/w300/AnMTMPTUzeWNbYxzp29WqYf1br1.jpg', 'captain_phillips'),
(20, 'Band of Brothers', 'http://image.tmdb.org/t/p/w300/iODK4jgQJfeygdNc3sv3CZN8Xzy.jpg', 'band_of_brothers');

-- --------------------------------------------------------

--
-- Table structure for table `hall`
--

CREATE TABLE IF NOT EXISTS `hall` (
  `id` int(11) NOT NULL AUTO_INCREMENT,
  `cinema_id` int(11) NOT NULL,
  `name` varchar(100) COLLATE utf8_unicode_ci NOT NULL,
  `places_count` smallint(5) unsigned NOT NULL,
  PRIMARY KEY (`id`),
  KEY `IDX_1B8FA83FB4CB84B6` (`cinema_id`)
) ENGINE=InnoDB  DEFAULT CHARSET=utf8 COLLATE=utf8_unicode_ci AUTO_INCREMENT=11 ;

--
-- Dumping data for table `hall`
--

INSERT INTO `hall` (`id`, `cinema_id`, `name`, `places_count`) VALUES
(1, 1, 'Зал №1', 108),
(2, 1, 'Зал №2', 116),
(3, 1, 'Зал №3', 131),
(4, 2, 'Зал №1', 133),
(5, 2, 'Зал №2', 91),
(6, 2, 'Зал №3', 90),
(7, 2, 'Зал №4', 115),
(8, 2, 'Зал №5', 121),
(9, 3, 'Зал №1', 84),
(10, 3, 'Зал №2', 74);

-- --------------------------------------------------------

--
-- Table structure for table `reserve`
--

CREATE TABLE IF NOT EXISTS `reserve` (
  `id` int(11) NOT NULL AUTO_INCREMENT,
  `code` varchar(100) COLLATE utf8_unicode_ci NOT NULL,
  PRIMARY KEY (`id`),
  UNIQUE KEY `UNIQ_1FE0EA2277153098` (`code`)
) ENGINE=InnoDB  DEFAULT CHARSET=utf8 COLLATE=utf8_unicode_ci AUTO_INCREMENT=121 ;

--
-- Dumping data for table `reserve`
--

INSERT INTO `reserve` (`id`, `code`) VALUES
(39, '001dcaf7d70d0cc4e66eed5baf95e5b2'),
(34, '00afd4e16ef7779929e6074fbe7f79b9'),
(79, '013c9ab3b9d125a609c631ab2da8c4dd'),
(82, '040e55fefbc14832c567175b47762b1f'),
(42, '097daa60ecac04fe22faf7758550db02'),
(25, '0a1f8357ffcd19662738f310152fb25c'),
(49, '0a6fd3cb3da5081c5e2a61d426aa2cae'),
(35, '1203f116dd1fed19f9d47cbe850d61cf'),
(51, '16165cd26cfafbfce0a62ee85ae06b64'),
(105, '162d8d7e710288e51338b3c83cdf1b43'),
(27, '16420c525d0c0d0429c719e5cf06b2fe'),
(83, '18e648c7d448baf6167b441df2f567aa'),
(67, '1da2e440ae7c4b1c24c158871336ae30'),
(73, '239d4c14212781ad09b405248c460e48'),
(55, '29de718d9cb0893c6da4111ace89ac63'),
(1, '2a7175807bbed2c22dbe74e76504add5'),
(96, '2a824496b861ca9655d1abda9a914afb'),
(4, '2e7527b5223b13b01286d1d5011c82fd'),
(31, '32ac9c3f8346bb25dd9c178e53099d32'),
(62, '350da6fc315f26ee720761cc2bbb8d1f'),
(40, '3535018fce03d4c55021a66431ea86b6'),
(33, '371182c0e35781bdf545aa66dc301a94'),
(59, '3a3498033ce5132be8fcd555f4ae9215'),
(19, '3c93521006bfdfa685e75d3e25d755db'),
(117, '3d3be9011ae2ea4775bca66c3e44e1e1'),
(111, '414cbc39efcf05ed402dcab78a27df92'),
(9, '42d5a836ba46a4cc45a80b1b757ffa4e'),
(84, '433a37b7a81661a739816bf0f4e7f9f1'),
(53, '458ab4ce676235b03800917bac9083ec'),
(7, '4815379f43647108a80429eb5032ba72'),
(100, '48eec7562ededc6aadfbbafa3fad56bd'),
(14, '491509f43fa97cbe01faee5d5432dc4f'),
(92, '491da56007f6d8fa7398b4bdd43d0e7b'),
(22, '4b2f189d55515bcc2ad76a7d31afbe50'),
(113, '4bc3c9fd9f1d1653fa764fa978afe021'),
(61, '4d91ac7932c04f1e1570aacafe9433fd'),
(81, '51c37ceed9267e52d906e7514bf440be'),
(30, '5278b3674c57a07fe8d029612bb340c9'),
(21, '5454b43c89366a8aa7cad9455fb9921f'),
(75, '556adb04e8f16d0c637bb1fa37e29283'),
(5, '596f524687f148453b4b4393daf4397c'),
(98, '5af29359ec1e5cad458e792a58d5fbf2'),
(2, '5b72886cd91b656b17f7166477defb76'),
(103, '5b83e7cb7138093d21eb5d8a40465ff4'),
(72, '5d2e4299c252ddb72da3122d2733a5ce'),
(32, '60a709f27d6888954343b63df5a621c4'),
(60, '645e121ee9073b954252ba6f5c30766a'),
(58, '664b838b3040ae75f1ab27ca3c4eb22b'),
(95, '6a87554cd451747146d8e56398b3ee85'),
(13, '6d614529a5ae78e4425f713972cb1421'),
(28, '7043299161db58a19f3374cfe0cc09f3'),
(71, '7598a18763faa5a5df05407a4440001e'),
(63, '78afc3652c6f1a1ba85570b24f7bf2b1'),
(74, '7f7abb410d7183eadfd0336671fbe8a1'),
(11, '8081898491270d3ea46039106a700a1b'),
(15, '81673d0a64e38c146185273ebaf8be41'),
(64, '81ef590f657f5ddf2ae8c1c742379caa'),
(106, '82534ebb08823a32556f1449bdc06df7'),
(91, '835141e4f24689811121a4d8de0ee1d6'),
(112, '876c749954f092519217c7a52082c693'),
(57, '888ca94fec6d10b648a82c4c68dc892b'),
(52, '8ae111e92a343002c6e1bb4fe5e385fd'),
(97, '8bfc0b2f8b176dd29a42a8aeb50ae3eb'),
(78, '8d9cef5c5ff6d5d6af4fffd225abc839'),
(88, '8f026359fbda57bf314daa70b9994d29'),
(36, '8fcc2601d0ca2ecada47e5f2b1477398'),
(16, '91301e15cd08d31ef7e2b7f6bf86ecc9'),
(93, '925e3d7d61978eb9f224c8f65453b897'),
(20, '9ee2e4a68d262f30627a9f188d3d4cb2'),
(65, 'a08958a458080dcf46b471cd77bd4ab2'),
(12, 'a4102ce0f562d3214deeacd32e4626e6'),
(8, 'a69cfcbd78573c93b113684d8ee58840'),
(68, 'aa1273216e235686dc26bef03ffee16d'),
(86, 'ab20fdc8d84d2caf168ed6400d22abab'),
(104, 'afc99976f27c3a0f3bfaf55d7719047f'),
(29, 'b26eab05ad335eda04f6086a0024c4b1'),
(76, 'b382e9624f0a9cedf393e0e82ba723f4'),
(89, 'b558a11928a25bcf932cc06d7a5359d8'),
(109, 'b6b2586736ab1d248b7d1a547bf47aa0'),
(46, 'b8985fb31221d2e667261c403a4f286d'),
(44, 'bc2e9ee0723e02c924215e0d352505d6'),
(47, 'c0ee8d8aedf420f413b5cce1a62b0807'),
(77, 'c23ab91a42a4b4bcc9f5f486e96e1ffd'),
(56, 'c27e43290bf468155ccf4a6ba780c19e'),
(87, 'c3c5b02cef03c6f67806fc0e098c845e'),
(102, 'c960b0222e3fb664a09985a64da47e91'),
(108, 'c9df437ae8fff4816a80cacb7bb4f924'),
(110, 'cb7d2e3726bb65f91a06fc7d0b0889a6'),
(43, 'ce2d12647999a1d1921a1959306d0a89'),
(66, 'd110e051ab0116c9d936857a0edf0d14'),
(114, 'd17998f36be1875e4cc2ec11617ee7e4'),
(107, 'd221cf60054a909006cd76cecb2a919a'),
(24, 'd279f9c6afe8c04ffecbe437e6bc8525'),
(45, 'd2def1350aaedb8f82ea4abb888bfce3'),
(94, 'd58a94642f51b39440b188b73ed5bd9f'),
(85, 'd59f10f93210be52df65ebfc139ad651'),
(116, 'd70ce7886c247b8280990b3e8fa79ecf'),
(17, 'd74e11e189c52e31331198fd8de39eaa'),
(115, 'da7e236b1f1ee0d28409d1fe4621dc7b'),
(80, 'dc0a6bf7b5e8dc165d2b6301451ee99e'),
(38, 'de71f30768b161576aec8bc0e6057ce3'),
(41, 'e005021028d508dc99045053dc9f8f7d'),
(101, 'e1b0b871a61a9f2a1e35d31352cee884'),
(18, 'e450bdf01778301bf7d562a322a4a00d'),
(6, 'e58b278b89ff103137f5ce8b4576df45'),
(3, 'e6fa74a9fd94291aa4fcc2ec2306fbe8'),
(10, 'e924fe167b25a1391399b4ad1c5a87f3'),
(48, 'ea2b0259f6848cc67d75426781565241'),
(23, 'ea8cc863e01f95314110c8cc5ec619e9'),
(90, 'ecbea32389d10b113e392dbab6ddea91'),
(37, 'f0427e7015772da89e3460d7549a0632'),
(70, 'f9717622cb70638515274c15d5c64262'),
(54, 'faae9adbceef8ba65f8274ca281bcd1f'),
(50, 'fb94348481928e7e6440b80963477997'),
(99, 'fc7be9ff404d5f44466a5f36d40f7ad2'),
(26, 'fe2c2d6a0ab9ffcbfe5039b7c38b4a98');

-- --------------------------------------------------------

--
-- Table structure for table `session`
--

CREATE TABLE IF NOT EXISTS `session` (
  `id` int(11) NOT NULL AUTO_INCREMENT,
  `film_id` int(11) NOT NULL,
  `hall_id` int(11) NOT NULL,
  `time` datetime NOT NULL,
  PRIMARY KEY (`id`),
  UNIQUE KEY `session_idx` (`hall_id`,`time`),
  KEY `IDX_D044D5D4567F5183` (`film_id`),
  KEY `IDX_D044D5D452AFCFD6` (`hall_id`)
) ENGINE=InnoDB  DEFAULT CHARSET=utf8 COLLATE=utf8_unicode_ci AUTO_INCREMENT=83 ;

--
-- Dumping data for table `session`
--

INSERT INTO `session` (`id`, `film_id`, `hall_id`, `time`) VALUES
(1, 1, 3, '2014-05-25 08:44:09'),
(2, 1, 2, '2014-05-25 06:52:09'),
(3, 1, 5, '2014-05-21 21:07:09'),
(4, 1, 6, '2014-05-21 09:15:09'),
(5, 2, 4, '2014-05-25 14:18:09'),
(6, 2, 6, '2014-05-23 23:09:09'),
(7, 3, 8, '2014-05-21 11:43:09'),
(8, 3, 3, '2014-05-23 17:44:09'),
(9, 3, 6, '2014-05-23 14:11:09'),
(10, 4, 6, '2014-05-21 18:39:09'),
(11, 4, 7, '2014-05-25 23:52:09'),
(12, 5, 2, '2014-05-24 23:08:09'),
(13, 5, 5, '2014-05-22 06:56:09'),
(14, 5, 5, '2014-05-23 15:30:09'),
(15, 5, 9, '2014-05-22 02:39:09'),
(16, 5, 6, '2014-05-23 16:37:09'),
(17, 5, 7, '2014-05-22 02:31:09'),
(18, 6, 9, '2014-05-25 12:52:09'),
(19, 6, 3, '2014-05-22 11:07:09'),
(20, 6, 10, '2014-05-22 04:59:09'),
(21, 6, 1, '2014-05-24 16:04:09'),
(22, 6, 10, '2014-05-24 11:09:09'),
(23, 7, 5, '2014-05-23 13:23:09'),
(24, 7, 1, '2014-05-23 04:03:09'),
(25, 7, 6, '2014-05-26 00:58:09'),
(26, 7, 7, '2014-05-24 05:37:09'),
(27, 7, 4, '2014-05-24 11:56:09'),
(28, 7, 6, '2014-05-24 08:42:09'),
(29, 8, 2, '2014-05-24 23:05:09'),
(30, 8, 7, '2014-05-22 21:08:09'),
(31, 8, 8, '2014-05-25 03:49:09'),
(32, 8, 5, '2014-05-25 09:30:09'),
(33, 8, 2, '2014-05-23 08:15:09'),
(34, 8, 10, '2014-05-25 21:36:09'),
(35, 9, 6, '2014-05-23 18:30:09'),
(36, 9, 9, '2014-05-22 04:49:09'),
(37, 9, 6, '2014-05-21 21:00:09'),
(38, 10, 9, '2014-05-25 06:01:09'),
(39, 10, 9, '2014-05-24 12:15:09'),
(40, 10, 9, '2014-05-24 21:47:09'),
(41, 10, 10, '2014-05-25 11:14:09'),
(42, 11, 6, '2014-05-25 00:34:09'),
(43, 11, 10, '2014-05-25 13:55:09'),
(44, 11, 10, '2014-05-22 17:57:09'),
(45, 12, 3, '2014-05-21 18:03:09'),
(46, 12, 7, '2014-05-23 00:55:09'),
(47, 13, 2, '2014-05-24 16:54:09'),
(48, 13, 9, '2014-05-24 15:44:09'),
(49, 13, 1, '2014-05-24 01:51:09'),
(50, 13, 7, '2014-05-24 15:20:09'),
(51, 13, 8, '2014-05-25 13:58:09'),
(52, 14, 5, '2014-05-21 16:11:09'),
(53, 14, 6, '2014-05-24 02:11:09'),
(54, 15, 4, '2014-05-24 11:12:09'),
(55, 15, 6, '2014-05-24 13:06:09'),
(56, 15, 6, '2014-05-23 13:39:09'),
(57, 15, 3, '2014-05-25 08:34:09'),
(58, 15, 3, '2014-05-25 09:45:09'),
(59, 15, 1, '2014-05-23 21:25:09'),
(60, 16, 5, '2014-05-22 00:35:09'),
(61, 16, 3, '2014-05-23 23:12:09'),
(62, 16, 7, '2014-05-24 06:52:09'),
(63, 16, 5, '2014-05-21 19:55:09'),
(64, 16, 2, '2014-05-24 18:52:09'),
(65, 16, 10, '2014-05-25 17:54:09'),
(66, 17, 6, '2014-05-21 18:33:09'),
(67, 17, 6, '2014-05-22 13:32:09'),
(68, 17, 2, '2014-05-22 16:54:09'),
(69, 17, 9, '2014-05-24 23:41:09'),
(70, 17, 5, '2014-05-24 00:23:09'),
(71, 17, 7, '2014-05-24 23:36:09'),
(72, 18, 10, '2014-05-22 01:58:09'),
(73, 18, 1, '2014-05-22 12:58:09'),
(74, 18, 6, '2014-05-21 12:59:09'),
(75, 18, 6, '2014-05-23 04:15:09'),
(76, 18, 7, '2014-05-26 02:49:09'),
(77, 19, 4, '2014-05-23 01:46:09'),
(78, 19, 5, '2014-05-21 15:02:09'),
(79, 19, 3, '2014-05-23 21:27:09'),
(80, 19, 1, '2014-05-21 12:36:09'),
(81, 20, 2, '2014-05-21 20:52:09'),
(82, 20, 7, '2014-05-25 21:26:09');

-- --------------------------------------------------------

--
-- Table structure for table `ticket`
--

CREATE TABLE IF NOT EXISTS `ticket` (
  `id` int(11) NOT NULL AUTO_INCREMENT,
  `session_id` int(11) NOT NULL,
  `reserve_id` int(11) NOT NULL,
  `place` smallint(5) unsigned NOT NULL,
  PRIMARY KEY (`id`),
  UNIQUE KEY `ticket_idx` (`session_id`,`place`),
  KEY `IDX_97A0ADA3613FECDF` (`session_id`),
  KEY `IDX_97A0ADA35913AEBF` (`reserve_id`)
) ENGINE=InnoDB  DEFAULT CHARSET=utf8 COLLATE=utf8_unicode_ci AUTO_INCREMENT=1571 ;

--
-- Dumping data for table `ticket`
--

INSERT INTO `ticket` (`id`, `session_id`, `reserve_id`, `place`) VALUES
(1, 1, 1, 126),
(2, 1, 2, 29),
(3, 1, 3, 35),
(4, 1, 2, 6),
(5, 1, 4, 73),
(6, 1, 5, 14),
(7, 1, 6, 32),
(8, 1, 6, 62),
(9, 1, 7, 19),
(10, 1, 8, 60),
(11, 1, 9, 86),
(12, 1, 10, 5),
(13, 3, 6, 22),
(14, 3, 7, 89),
(15, 3, 11, 75),
(16, 3, 10, 64),
(17, 3, 4, 42),
(18, 3, 11, 2),
(19, 3, 7, 56),
(20, 3, 6, 7),
(21, 5, 12, 107),
(22, 5, 13, 46),
(23, 5, 14, 131),
(24, 5, 15, 63),
(25, 5, 16, 18),
(26, 5, 9, 19),
(27, 5, 17, 121),
(28, 5, 15, 80),
(29, 5, 18, 97),
(30, 5, 19, 53),
(31, 5, 20, 94),
(32, 5, 21, 16),
(33, 5, 11, 31),
(34, 5, 22, 78),
(35, 5, 23, 3),
(36, 5, 13, 118),
(37, 5, 24, 62),
(38, 5, 4, 112),
(39, 5, 11, 65),
(40, 5, 19, 5),
(41, 5, 25, 47),
(42, 5, 20, 26),
(43, 5, 12, 81),
(44, 5, 10, 122),
(45, 5, 26, 54),
(46, 5, 27, 11),
(47, 5, 28, 109),
(48, 5, 29, 104),
(49, 5, 25, 115),
(50, 5, 5, 1),
(51, 5, 30, 91),
(52, 5, 31, 7),
(53, 5, 32, 25),
(54, 5, 30, 34),
(55, 5, 31, 117),
(56, 5, 10, 84),
(57, 5, 29, 89),
(58, 5, 33, 100),
(59, 5, 18, 133),
(60, 5, 13, 42),
(61, 5, 19, 72),
(62, 5, 25, 40),
(63, 5, 21, 73),
(64, 5, 30, 69),
(65, 5, 34, 95),
(66, 7, 35, 19),
(67, 7, 20, 8),
(68, 7, 36, 82),
(69, 7, 37, 120),
(70, 7, 29, 40),
(71, 7, 12, 6),
(72, 7, 38, 66),
(73, 7, 3, 63),
(74, 7, 1, 79),
(75, 7, 39, 74),
(76, 7, 29, 109),
(77, 7, 40, 59),
(78, 7, 32, 78),
(79, 7, 20, 95),
(80, 7, 2, 9),
(81, 7, 41, 81),
(82, 7, 33, 96),
(83, 7, 42, 48),
(84, 7, 23, 14),
(85, 7, 43, 87),
(86, 7, 44, 37),
(87, 7, 45, 111),
(88, 7, 14, 116),
(89, 7, 46, 85),
(90, 7, 28, 35),
(91, 7, 6, 119),
(92, 7, 47, 28),
(93, 7, 28, 114),
(94, 7, 10, 11),
(95, 7, 28, 75),
(96, 7, 48, 27),
(97, 7, 26, 56),
(98, 7, 3, 71),
(99, 7, 43, 10),
(100, 7, 2, 22),
(101, 7, 8, 58),
(102, 7, 49, 103),
(103, 7, 26, 94),
(104, 7, 50, 4),
(105, 7, 51, 39),
(106, 7, 29, 80),
(107, 7, 44, 67),
(108, 7, 52, 5),
(109, 7, 1, 44),
(110, 7, 5, 21),
(111, 7, 26, 62),
(112, 7, 46, 77),
(113, 7, 4, 64),
(114, 7, 53, 121),
(115, 7, 34, 46),
(116, 7, 9, 89),
(117, 7, 33, 24),
(118, 7, 54, 42),
(119, 7, 55, 105),
(120, 7, 55, 26),
(121, 7, 5, 38),
(122, 7, 46, 47),
(123, 8, 1, 62),
(124, 8, 56, 44),
(125, 8, 57, 67),
(126, 8, 21, 92),
(127, 8, 11, 73),
(128, 8, 30, 93),
(129, 8, 55, 99),
(130, 8, 58, 51),
(131, 8, 36, 27),
(132, 8, 30, 69),
(133, 8, 59, 12),
(134, 8, 12, 15),
(135, 8, 31, 113),
(136, 8, 3, 8),
(137, 8, 25, 5),
(138, 8, 30, 117),
(139, 8, 9, 89),
(140, 8, 6, 4),
(141, 8, 59, 126),
(142, 8, 26, 24),
(143, 8, 60, 32),
(144, 8, 21, 128),
(145, 8, 61, 16),
(146, 8, 62, 82),
(147, 8, 56, 108),
(148, 8, 30, 42),
(149, 8, 63, 76),
(150, 8, 1, 129),
(151, 8, 3, 97),
(152, 8, 3, 100),
(153, 8, 22, 53),
(154, 8, 64, 68),
(155, 8, 44, 107),
(156, 8, 7, 13),
(157, 8, 45, 30),
(158, 8, 65, 88),
(159, 8, 16, 10),
(160, 8, 61, 81),
(161, 8, 17, 127),
(162, 8, 14, 39),
(163, 8, 21, 86),
(164, 8, 20, 34),
(165, 8, 23, 103),
(166, 8, 9, 110),
(167, 8, 47, 1),
(168, 8, 48, 101),
(169, 8, 7, 104),
(170, 8, 15, 49),
(171, 8, 16, 112),
(172, 8, 65, 125),
(173, 8, 66, 22),
(174, 8, 51, 61),
(175, 8, 51, 21),
(176, 8, 26, 102),
(177, 8, 39, 40),
(178, 8, 67, 87),
(179, 8, 68, 31),
(180, 8, 2, 123),
(181, 8, 65, 48),
(183, 8, 29, 66),
(184, 8, 60, 19),
(185, 10, 26, 90),
(186, 10, 27, 5),
(187, 10, 31, 26),
(188, 10, 8, 82),
(189, 10, 10, 29),
(190, 10, 70, 52),
(191, 10, 45, 61),
(192, 10, 71, 47),
(193, 10, 6, 51),
(194, 10, 33, 58),
(195, 10, 33, 12),
(196, 10, 53, 11),
(197, 10, 46, 59),
(198, 10, 71, 75),
(199, 10, 13, 13),
(200, 10, 21, 20),
(201, 10, 5, 24),
(202, 10, 52, 89),
(203, 10, 71, 9),
(204, 10, 13, 60),
(205, 10, 37, 8),
(206, 10, 47, 30),
(207, 10, 4, 71),
(208, 10, 4, 63),
(209, 10, 11, 37),
(210, 10, 14, 77),
(211, 10, 31, 19),
(212, 10, 72, 78),
(213, 10, 13, 34),
(214, 10, 22, 1),
(215, 10, 25, 23),
(216, 10, 43, 62),
(217, 10, 29, 36),
(218, 10, 72, 33),
(219, 10, 31, 69),
(220, 10, 37, 53),
(221, 10, 27, 10),
(222, 10, 17, 35),
(223, 10, 8, 68),
(224, 11, 5, 18),
(225, 11, 1, 76),
(226, 11, 2, 71),
(227, 11, 3, 39),
(228, 11, 5, 30),
(229, 11, 17, 53),
(230, 11, 26, 82),
(231, 11, 3, 49),
(232, 11, 5, 64),
(233, 11, 72, 17),
(234, 11, 63, 26),
(235, 11, 10, 57),
(236, 11, 9, 66),
(237, 11, 9, 109),
(238, 11, 20, 61),
(239, 11, 3, 78),
(240, 11, 4, 55),
(241, 13, 40, 18),
(242, 13, 38, 65),
(243, 13, 16, 2),
(244, 13, 63, 10),
(245, 13, 19, 44),
(246, 13, 41, 1),
(247, 13, 20, 52),
(248, 13, 8, 36),
(249, 13, 26, 57),
(250, 13, 25, 82),
(251, 13, 9, 12),
(252, 13, 25, 24),
(253, 13, 63, 87),
(254, 13, 38, 63),
(255, 13, 26, 83),
(256, 13, 8, 26),
(257, 13, 41, 11),
(258, 13, 16, 43),
(259, 13, 25, 77),
(260, 13, 28, 50),
(261, 13, 40, 46),
(262, 13, 4, 51),
(263, 13, 2, 22),
(264, 13, 26, 39),
(265, 13, 9, 30),
(266, 13, 3, 31),
(267, 13, 29, 4),
(268, 13, 26, 62),
(269, 15, 1, 47),
(270, 15, 7, 73),
(271, 15, 37, 43),
(272, 15, 20, 16),
(273, 15, 61, 26),
(274, 15, 38, 77),
(275, 15, 42, 79),
(276, 15, 46, 70),
(277, 15, 40, 38),
(278, 15, 38, 20),
(279, 15, 28, 60),
(280, 15, 45, 83),
(281, 15, 73, 39),
(282, 15, 21, 81),
(283, 15, 55, 9),
(284, 15, 19, 75),
(285, 15, 27, 25),
(286, 15, 63, 32),
(287, 15, 55, 30),
(288, 15, 74, 61),
(289, 15, 61, 17),
(290, 15, 47, 65),
(291, 15, 40, 49),
(292, 15, 75, 3),
(293, 15, 63, 27),
(294, 15, 60, 37),
(295, 15, 73, 11),
(296, 15, 27, 57),
(297, 15, 60, 42),
(298, 15, 36, 62),
(299, 15, 14, 72),
(300, 15, 46, 51),
(301, 15, 4, 33),
(302, 15, 47, 35),
(303, 15, 74, 74),
(304, 15, 4, 67),
(305, 15, 32, 31),
(306, 15, 51, 28),
(307, 15, 22, 5),
(308, 15, 32, 18),
(309, 15, 70, 29),
(310, 15, 2, 23),
(311, 15, 76, 82),
(312, 15, 32, 24),
(313, 16, 2, 32),
(314, 16, 72, 17),
(315, 16, 27, 27),
(316, 16, 1, 72),
(317, 16, 25, 78),
(318, 16, 6, 14),
(319, 16, 25, 64),
(320, 16, 3, 50),
(321, 16, 19, 52),
(322, 16, 1, 10),
(323, 16, 25, 90),
(324, 16, 6, 59),
(325, 16, 1, 42),
(326, 16, 9, 53),
(327, 16, 25, 51),
(328, 16, 7, 22),
(329, 16, 40, 19),
(330, 16, 10, 37),
(331, 16, 7, 83),
(332, 19, 61, 100),
(333, 19, 14, 4),
(334, 19, 37, 42),
(335, 19, 26, 52),
(336, 19, 11, 47),
(337, 19, 23, 53),
(338, 19, 43, 115),
(339, 19, 24, 102),
(340, 19, 7, 127),
(341, 19, 20, 113),
(342, 19, 18, 111),
(343, 19, 47, 36),
(344, 19, 43, 26),
(345, 19, 14, 33),
(346, 19, 73, 79),
(347, 19, 15, 44),
(348, 19, 19, 20),
(349, 19, 32, 106),
(350, 19, 76, 99),
(351, 19, 33, 107),
(352, 19, 5, 49),
(353, 19, 25, 65),
(354, 19, 51, 66),
(355, 19, 15, 72),
(356, 19, 37, 60),
(357, 19, 18, 31),
(358, 19, 9, 48),
(359, 19, 33, 64),
(360, 19, 47, 129),
(361, 19, 70, 50),
(362, 19, 6, 112),
(363, 19, 6, 121),
(364, 19, 17, 68),
(365, 19, 46, 32),
(366, 19, 7, 45),
(367, 19, 72, 61),
(368, 19, 32, 78),
(369, 19, 23, 34),
(370, 19, 18, 28),
(371, 19, 5, 95),
(372, 19, 29, 122),
(373, 19, 71, 54),
(374, 19, 63, 35),
(375, 19, 29, 18),
(376, 19, 28, 51),
(377, 19, 7, 27),
(378, 23, 46, 18),
(379, 23, 36, 90),
(380, 23, 31, 91),
(381, 23, 54, 70),
(382, 23, 77, 83),
(383, 23, 43, 28),
(384, 23, 6, 12),
(385, 23, 67, 4),
(386, 23, 5, 56),
(387, 23, 34, 13),
(388, 23, 78, 46),
(389, 23, 46, 5),
(390, 23, 57, 37),
(391, 23, 63, 9),
(392, 23, 18, 29),
(393, 23, 9, 21),
(394, 23, 79, 66),
(395, 23, 24, 7),
(396, 23, 28, 25),
(397, 23, 34, 64),
(398, 23, 1, 48),
(400, 23, 53, 84),
(401, 23, 80, 44),
(402, 23, 75, 51),
(403, 23, 12, 17),
(404, 23, 54, 27),
(405, 23, 81, 16),
(406, 23, 11, 2),
(407, 23, 47, 45),
(408, 23, 71, 54),
(409, 23, 18, 30),
(410, 23, 76, 8),
(411, 23, 1, 72),
(412, 23, 67, 52),
(413, 23, 39, 69),
(414, 23, 23, 89),
(415, 23, 15, 34),
(416, 23, 81, 65),
(417, 23, 72, 74),
(418, 23, 53, 11),
(419, 23, 28, 87),
(420, 23, 21, 85),
(421, 23, 47, 14),
(422, 23, 81, 68),
(423, 23, 23, 59),
(424, 23, 26, 71),
(425, 23, 36, 55),
(426, 23, 14, 36),
(427, 23, 76, 15),
(428, 23, 11, 20),
(429, 23, 30, 43),
(430, 23, 8, 58),
(431, 24, 57, 106),
(432, 24, 32, 88),
(433, 24, 3, 105),
(434, 24, 32, 6),
(435, 24, 28, 16),
(436, 24, 47, 85),
(437, 24, 41, 80),
(438, 24, 17, 10),
(439, 24, 17, 71),
(440, 24, 3, 12),
(441, 24, 11, 35),
(442, 24, 61, 22),
(443, 24, 47, 36),
(444, 24, 74, 73),
(445, 24, 6, 38),
(446, 24, 75, 68),
(447, 24, 15, 94),
(448, 24, 71, 61),
(449, 24, 76, 43),
(450, 24, 61, 86),
(451, 24, 6, 65),
(452, 24, 22, 92),
(453, 24, 65, 87),
(454, 24, 27, 96),
(455, 24, 7, 79),
(456, 24, 43, 91),
(457, 24, 75, 50),
(458, 24, 47, 59),
(459, 24, 10, 31),
(460, 24, 51, 41),
(461, 24, 18, 76),
(462, 24, 20, 52),
(463, 24, 81, 54),
(464, 24, 12, 21),
(465, 24, 20, 1),
(466, 24, 23, 107),
(467, 24, 53, 82),
(468, 24, 71, 102),
(469, 24, 65, 69),
(470, 24, 70, 9),
(471, 24, 16, 17),
(472, 24, 25, 57),
(473, 24, 74, 44),
(474, 24, 63, 15),
(475, 24, 27, 95),
(476, 26, 60, 69),
(477, 26, 82, 21),
(478, 26, 83, 14),
(479, 26, 17, 32),
(480, 26, 29, 83),
(481, 26, 59, 23),
(482, 26, 44, 87),
(483, 26, 11, 80),
(485, 26, 18, 45),
(486, 26, 38, 64),
(487, 26, 40, 81),
(488, 26, 34, 105),
(489, 26, 78, 55),
(490, 26, 13, 27),
(491, 26, 26, 31),
(492, 26, 40, 11),
(493, 26, 72, 92),
(494, 26, 7, 26),
(495, 26, 37, 56),
(496, 26, 84, 15),
(497, 26, 14, 52),
(498, 26, 19, 67),
(499, 26, 58, 94),
(500, 26, 76, 48),
(501, 26, 31, 50),
(502, 26, 28, 109),
(503, 26, 50, 82),
(504, 26, 11, 115),
(505, 26, 8, 106),
(506, 26, 64, 35),
(507, 26, 85, 38),
(508, 26, 86, 57),
(509, 26, 29, 40),
(510, 26, 40, 68),
(511, 26, 53, 78),
(512, 26, 87, 30),
(513, 26, 80, 18),
(514, 26, 26, 70),
(515, 26, 88, 65),
(516, 26, 89, 3),
(517, 26, 41, 22),
(518, 26, 78, 89),
(519, 26, 70, 96),
(520, 26, 74, 19),
(521, 26, 49, 12),
(522, 26, 48, 5),
(523, 26, 87, 108),
(524, 26, 21, 59),
(525, 26, 14, 66),
(526, 26, 59, 10),
(527, 26, 19, 37),
(528, 26, 90, 28),
(529, 26, 10, 4),
(530, 26, 36, 93),
(531, 26, 55, 95),
(532, 26, 87, 60),
(533, 26, 10, 62),
(534, 26, 34, 54),
(535, 26, 12, 79),
(536, 26, 27, 42),
(537, 26, 91, 90),
(538, 26, 80, 43),
(539, 26, 7, 13),
(540, 26, 52, 74),
(541, 26, 20, 39),
(542, 26, 89, 9),
(543, 26, 12, 49),
(544, 28, 1, 82),
(545, 28, 17, 15),
(546, 28, 7, 80),
(547, 28, 25, 20),
(548, 28, 25, 60),
(549, 28, 6, 75),
(550, 28, 25, 9),
(551, 28, 27, 73),
(552, 28, 7, 87),
(553, 28, 46, 51),
(554, 28, 4, 53),
(555, 28, 4, 50),
(556, 28, 2, 37),
(557, 28, 9, 12),
(558, 28, 9, 19),
(559, 28, 8, 54),
(560, 28, 7, 84),
(561, 28, 27, 77),
(562, 28, 17, 8),
(563, 28, 26, 25),
(564, 29, 83, 115),
(565, 29, 53, 50),
(566, 29, 76, 21),
(567, 29, 44, 12),
(568, 29, 55, 8),
(569, 29, 54, 110),
(570, 29, 83, 26),
(571, 29, 62, 75),
(572, 29, 18, 84),
(573, 29, 84, 56),
(574, 29, 85, 28),
(575, 29, 17, 11),
(576, 29, 92, 31),
(577, 29, 93, 22),
(578, 29, 31, 90),
(579, 29, 11, 1),
(580, 29, 24, 87),
(581, 29, 94, 2),
(582, 29, 53, 102),
(583, 29, 85, 13),
(584, 29, 52, 38),
(585, 29, 1, 10),
(586, 29, 36, 53),
(587, 29, 22, 92),
(588, 29, 24, 68),
(589, 29, 68, 18),
(590, 29, 35, 52),
(591, 29, 33, 29),
(592, 29, 95, 23),
(593, 29, 49, 78),
(594, 29, 19, 6),
(595, 29, 1, 104),
(596, 29, 92, 5),
(597, 29, 23, 95),
(598, 29, 86, 34),
(599, 29, 54, 88),
(600, 29, 66, 83),
(601, 29, 19, 70),
(602, 29, 29, 77),
(603, 29, 35, 14),
(604, 29, 35, 113),
(605, 29, 56, 55),
(606, 29, 96, 45),
(607, 29, 5, 25),
(608, 29, 20, 79),
(609, 29, 80, 109),
(610, 29, 67, 108),
(611, 29, 58, 99),
(612, 29, 48, 62),
(613, 29, 45, 61),
(614, 29, 93, 20),
(615, 29, 71, 57),
(616, 29, 20, 85),
(617, 29, 93, 49),
(618, 29, 78, 46),
(619, 29, 92, 3),
(620, 29, 49, 111),
(621, 29, 7, 24),
(622, 29, 66, 94),
(623, 29, 48, 36),
(624, 29, 88, 44),
(625, 29, 20, 32),
(626, 29, 34, 81),
(627, 29, 28, 64),
(628, 36, 5, 55),
(629, 36, 41, 70),
(630, 36, 8, 1),
(631, 36, 37, 58),
(632, 36, 7, 20),
(633, 36, 63, 16),
(634, 36, 46, 50),
(635, 36, 6, 82),
(636, 36, 46, 21),
(637, 36, 16, 37),
(638, 36, 33, 24),
(639, 36, 19, 72),
(640, 36, 63, 42),
(641, 36, 10, 34),
(642, 36, 2, 28),
(643, 36, 1, 61),
(644, 36, 20, 60),
(645, 36, 41, 40),
(646, 36, 3, 23),
(647, 36, 3, 11),
(648, 36, 11, 41),
(649, 36, 4, 67),
(650, 36, 8, 53),
(651, 36, 7, 8),
(652, 36, 27, 56),
(653, 36, 8, 26),
(654, 36, 63, 18),
(655, 39, 21, 31),
(656, 39, 46, 29),
(657, 39, 28, 67),
(658, 39, 15, 75),
(659, 39, 43, 40),
(660, 39, 2, 60),
(661, 39, 20, 80),
(662, 39, 23, 35),
(663, 39, 65, 53),
(664, 39, 4, 11),
(665, 39, 19, 27),
(666, 39, 17, 23),
(667, 39, 61, 77),
(668, 39, 53, 25),
(669, 39, 41, 50),
(670, 39, 60, 14),
(671, 39, 37, 2),
(672, 39, 16, 43),
(673, 39, 14, 46),
(674, 39, 12, 3),
(675, 39, 57, 19),
(676, 39, 46, 41),
(677, 39, 53, 79),
(678, 39, 6, 7),
(679, 39, 8, 73),
(680, 39, 29, 62),
(681, 39, 5, 24),
(682, 39, 31, 8),
(683, 39, 32, 57),
(684, 39, 3, 65),
(685, 39, 37, 59),
(686, 39, 28, 37),
(687, 39, 2, 10),
(688, 39, 73, 33),
(689, 39, 7, 51),
(690, 39, 30, 68),
(691, 39, 21, 32),
(692, 39, 9, 61),
(693, 39, 47, 22),
(694, 39, 41, 78),
(695, 41, 15, 59),
(696, 41, 41, 37),
(697, 41, 14, 52),
(698, 41, 4, 42),
(699, 41, 29, 33),
(700, 41, 15, 60),
(701, 41, 3, 31),
(702, 41, 11, 23),
(703, 41, 1, 47),
(704, 41, 32, 71),
(705, 41, 19, 51),
(706, 41, 3, 43),
(707, 41, 4, 73),
(708, 41, 25, 44),
(709, 41, 57, 48),
(710, 41, 73, 54),
(711, 41, 28, 67),
(712, 41, 60, 13),
(713, 41, 30, 56),
(714, 41, 52, 24),
(715, 41, 38, 36),
(716, 41, 24, 69),
(717, 41, 7, 46),
(718, 41, 38, 57),
(719, 41, 40, 5),
(720, 41, 54, 38),
(721, 41, 74, 29),
(722, 41, 54, 27),
(723, 41, 18, 62),
(724, 41, 38, 70),
(725, 41, 32, 18),
(726, 41, 2, 14),
(727, 41, 13, 22),
(728, 41, 56, 41),
(729, 41, 22, 8),
(730, 41, 59, 17),
(731, 41, 53, 61),
(732, 41, 29, 15),
(733, 41, 22, 68),
(734, 41, 51, 16),
(735, 41, 33, 4),
(736, 41, 56, 58),
(737, 41, 73, 9),
(738, 41, 47, 63),
(739, 41, 26, 3),
(740, 41, 44, 21),
(741, 41, 63, 45),
(742, 41, 8, 25),
(743, 42, 60, 57),
(744, 42, 14, 4),
(745, 42, 70, 86),
(746, 42, 28, 63),
(747, 42, 19, 87),
(748, 42, 65, 72),
(749, 42, 53, 71),
(750, 42, 71, 21),
(752, 42, 48, 5),
(753, 42, 73, 66),
(754, 42, 97, 39),
(755, 42, 14, 75),
(756, 42, 31, 68),
(757, 42, 48, 48),
(759, 42, 29, 43),
(760, 42, 33, 31),
(761, 42, 97, 61),
(762, 42, 51, 14),
(763, 42, 1, 56),
(764, 42, 65, 79),
(765, 42, 75, 18),
(766, 42, 14, 90),
(767, 42, 3, 54),
(768, 42, 38, 25),
(769, 42, 43, 78),
(770, 42, 19, 51),
(771, 42, 41, 37),
(772, 42, 73, 47),
(773, 42, 71, 24),
(774, 42, 48, 41),
(775, 42, 48, 55),
(776, 42, 36, 82),
(777, 42, 28, 2),
(778, 42, 41, 73),
(779, 42, 30, 67),
(781, 42, 15, 76),
(782, 42, 72, 83),
(783, 42, 25, 42),
(784, 42, 18, 60),
(785, 42, 42, 13),
(786, 42, 63, 23),
(787, 42, 81, 88),
(788, 42, 63, 80),
(789, 42, 2, 69),
(790, 42, 21, 64),
(791, 43, 11, 50),
(792, 43, 72, 27),
(793, 43, 8, 49),
(794, 43, 29, 57),
(795, 43, 72, 40),
(796, 43, 3, 4),
(797, 43, 19, 41),
(798, 43, 11, 28),
(799, 43, 38, 26),
(800, 43, 46, 39),
(801, 43, 26, 9),
(802, 43, 20, 5),
(803, 43, 8, 51),
(804, 43, 17, 21),
(805, 43, 28, 18),
(806, 43, 27, 36),
(807, 43, 28, 6),
(808, 43, 25, 3),
(809, 43, 11, 59),
(810, 43, 33, 7),
(811, 43, 11, 44),
(812, 43, 2, 71),
(813, 43, 25, 11),
(814, 43, 46, 47),
(815, 45, 86, 88),
(816, 45, 11, 10),
(817, 45, 18, 42),
(818, 45, 2, 109),
(819, 45, 19, 82),
(820, 45, 81, 119),
(821, 45, 15, 95),
(822, 45, 48, 80),
(823, 45, 94, 51),
(824, 45, 61, 47),
(825, 45, 89, 39),
(826, 45, 55, 129),
(827, 45, 36, 74),
(828, 45, 8, 108),
(829, 45, 50, 26),
(830, 45, 29, 46),
(831, 45, 46, 99),
(832, 45, 32, 18),
(833, 45, 28, 34),
(834, 45, 4, 114),
(835, 45, 33, 50),
(836, 45, 57, 79),
(837, 45, 18, 2),
(838, 45, 3, 67),
(839, 45, 98, 71),
(840, 45, 1, 23),
(841, 45, 30, 116),
(842, 45, 62, 130),
(843, 45, 68, 90),
(844, 45, 99, 61),
(845, 45, 14, 112),
(846, 45, 68, 98),
(847, 45, 86, 89),
(848, 45, 29, 21),
(849, 45, 23, 65),
(850, 45, 58, 113),
(851, 45, 97, 45),
(852, 45, 5, 63),
(853, 45, 71, 106),
(854, 45, 54, 125),
(855, 45, 32, 124),
(856, 45, 35, 4),
(857, 45, 17, 117),
(858, 45, 45, 32),
(859, 45, 75, 86),
(860, 45, 71, 126),
(861, 45, 86, 20),
(862, 45, 25, 24),
(863, 45, 67, 14),
(864, 45, 93, 85),
(865, 45, 74, 75),
(866, 45, 16, 54),
(867, 45, 31, 53),
(868, 45, 10, 62),
(869, 45, 29, 115),
(870, 45, 93, 5),
(871, 45, 93, 101),
(872, 45, 78, 77),
(873, 45, 14, 94),
(874, 45, 42, 55),
(875, 45, 29, 11),
(876, 45, 72, 29),
(877, 45, 21, 52),
(878, 45, 33, 33),
(879, 45, 59, 3),
(880, 45, 77, 96),
(881, 45, 94, 19),
(882, 45, 73, 57),
(883, 45, 26, 70),
(884, 45, 36, 111),
(885, 45, 85, 118),
(886, 45, 84, 36),
(887, 45, 96, 9),
(888, 45, 67, 93),
(889, 45, 75, 60),
(890, 45, 14, 59),
(891, 45, 38, 38),
(892, 50, 66, 88),
(893, 50, 34, 42),
(894, 50, 16, 53),
(895, 50, 12, 85),
(896, 50, 60, 31),
(897, 50, 25, 51),
(898, 50, 94, 35),
(899, 50, 61, 113),
(900, 50, 80, 56),
(901, 50, 53, 68),
(902, 50, 36, 5),
(903, 50, 37, 64),
(904, 50, 3, 29),
(905, 50, 10, 77),
(906, 50, 16, 109),
(907, 50, 18, 106),
(908, 50, 60, 28),
(909, 50, 25, 33),
(910, 50, 81, 34),
(911, 50, 44, 8),
(912, 50, 44, 82),
(913, 50, 59, 75),
(914, 50, 8, 57),
(915, 50, 96, 3),
(916, 50, 22, 54),
(917, 50, 80, 66),
(918, 50, 9, 62),
(919, 50, 54, 89),
(920, 50, 37, 10),
(921, 50, 3, 55),
(922, 50, 10, 90),
(923, 50, 30, 92),
(924, 50, 6, 69),
(925, 50, 60, 105),
(927, 50, 26, 44),
(928, 50, 2, 32),
(929, 50, 56, 97),
(930, 50, 66, 17),
(931, 50, 53, 4),
(932, 50, 71, 37),
(933, 50, 37, 95),
(934, 50, 49, 50),
(935, 50, 53, 58),
(936, 50, 77, 73),
(937, 50, 14, 52),
(938, 50, 28, 108),
(939, 50, 79, 6),
(940, 50, 58, 1),
(941, 50, 84, 48),
(942, 50, 34, 63),
(943, 50, 76, 59),
(944, 50, 74, 7),
(945, 50, 4, 91),
(946, 50, 62, 96),
(947, 50, 88, 22),
(948, 50, 34, 110),
(949, 50, 47, 36),
(950, 50, 42, 70),
(951, 50, 78, 67),
(952, 50, 68, 111),
(953, 50, 91, 47),
(954, 50, 18, 94),
(955, 50, 65, 12),
(956, 50, 91, 98),
(957, 50, 96, 20),
(958, 51, 76, 108),
(959, 51, 55, 68),
(960, 51, 50, 118),
(961, 51, 100, 6),
(962, 51, 22, 55),
(963, 51, 84, 19),
(964, 51, 101, 11),
(965, 51, 83, 44),
(966, 51, 102, 102),
(968, 51, 34, 1),
(969, 51, 43, 94),
(970, 51, 79, 22),
(971, 51, 103, 39),
(972, 51, 28, 107),
(973, 51, 23, 105),
(974, 51, 81, 88),
(975, 51, 57, 91),
(976, 51, 104, 83),
(977, 51, 9, 117),
(978, 51, 90, 28),
(979, 51, 57, 72),
(980, 51, 26, 93),
(981, 51, 86, 14),
(982, 51, 47, 101),
(983, 51, 88, 66),
(984, 51, 105, 50),
(985, 51, 58, 4),
(986, 51, 24, 75),
(987, 51, 86, 24),
(988, 51, 52, 7),
(989, 51, 106, 58),
(990, 51, 82, 119),
(991, 51, 54, 73),
(992, 51, 71, 87),
(993, 51, 96, 82),
(994, 51, 82, 86),
(995, 51, 70, 49),
(996, 51, 44, 10),
(997, 51, 25, 92),
(998, 51, 81, 51),
(999, 51, 66, 84),
(1000, 51, 78, 70),
(1001, 51, 54, 18),
(1002, 51, 90, 54),
(1003, 51, 107, 27),
(1004, 51, 59, 35),
(1005, 51, 108, 65),
(1006, 51, 38, 2),
(1007, 51, 83, 95),
(1008, 51, 101, 97),
(1009, 51, 104, 60),
(1010, 51, 109, 79),
(1011, 51, 44, 34),
(1012, 51, 40, 26),
(1013, 51, 102, 5),
(1014, 51, 24, 113),
(1015, 51, 66, 74),
(1016, 51, 34, 100),
(1017, 51, 73, 25),
(1018, 51, 82, 121),
(1019, 51, 99, 98),
(1020, 51, 67, 42),
(1021, 51, 37, 36),
(1022, 51, 50, 33),
(1023, 51, 75, 9),
(1024, 51, 53, 64),
(1025, 51, 93, 69),
(1026, 51, 110, 104),
(1027, 51, 12, 96),
(1028, 51, 10, 12),
(1029, 51, 107, 16),
(1030, 54, 19, 115),
(1031, 54, 91, 110),
(1032, 54, 42, 5),
(1033, 54, 55, 99),
(1034, 54, 70, 123),
(1035, 54, 32, 36),
(1036, 54, 63, 76),
(1037, 54, 68, 122),
(1038, 54, 52, 56),
(1039, 54, 81, 69),
(1040, 54, 55, 117),
(1041, 54, 62, 57),
(1043, 54, 58, 120),
(1044, 54, 71, 63),
(1045, 54, 61, 114),
(1047, 54, 34, 62),
(1048, 54, 43, 86),
(1049, 54, 35, 40),
(1050, 54, 34, 100),
(1051, 54, 76, 102),
(1052, 54, 16, 30),
(1053, 54, 33, 11),
(1054, 54, 52, 66),
(1055, 54, 12, 48),
(1056, 54, 1, 12),
(1057, 54, 20, 95),
(1058, 54, 71, 84),
(1059, 54, 7, 85),
(1060, 54, 30, 53),
(1061, 54, 71, 39),
(1062, 54, 45, 77),
(1063, 54, 73, 106),
(1064, 54, 73, 73),
(1065, 54, 5, 83),
(1066, 54, 71, 98),
(1067, 54, 23, 18),
(1068, 54, 28, 87),
(1069, 54, 80, 112),
(1070, 54, 12, 27),
(1071, 54, 6, 31),
(1072, 54, 61, 24),
(1073, 54, 78, 132),
(1074, 54, 98, 105),
(1075, 54, 20, 44),
(1076, 54, 30, 47),
(1077, 54, 74, 125),
(1078, 54, 39, 89),
(1079, 54, 94, 104),
(1080, 54, 68, 60),
(1081, 54, 43, 8),
(1082, 54, 83, 13),
(1083, 54, 74, 54),
(1084, 54, 6, 129),
(1085, 54, 31, 90),
(1086, 54, 24, 71),
(1087, 54, 81, 52),
(1088, 54, 73, 9),
(1090, 54, 67, 38),
(1091, 54, 1, 130),
(1092, 54, 61, 26),
(1093, 54, 72, 93),
(1094, 57, 38, 107),
(1095, 57, 4, 76),
(1096, 57, 17, 53),
(1097, 57, 15, 104),
(1098, 57, 29, 43),
(1099, 57, 10, 60),
(1100, 57, 28, 81),
(1101, 57, 15, 11),
(1102, 57, 29, 17),
(1103, 57, 12, 1),
(1104, 57, 38, 74),
(1105, 57, 70, 66),
(1106, 57, 4, 69),
(1107, 57, 46, 94),
(1108, 57, 11, 22),
(1109, 57, 4, 78),
(1110, 57, 8, 116),
(1111, 57, 38, 15),
(1112, 57, 20, 84),
(1113, 57, 53, 14),
(1114, 57, 25, 122),
(1115, 57, 61, 114),
(1116, 57, 15, 90),
(1117, 57, 71, 45),
(1118, 57, 3, 108),
(1119, 57, 28, 71),
(1120, 57, 33, 67),
(1121, 57, 6, 34),
(1122, 57, 24, 87),
(1123, 57, 28, 125),
(1124, 57, 37, 96),
(1125, 57, 27, 28),
(1126, 57, 41, 92),
(1127, 58, 66, 44),
(1128, 58, 46, 86),
(1129, 58, 29, 107),
(1130, 58, 30, 83),
(1131, 58, 71, 96),
(1132, 58, 15, 116),
(1133, 58, 4, 31),
(1134, 58, 75, 97),
(1135, 58, 67, 114),
(1136, 58, 66, 95),
(1137, 58, 40, 25),
(1138, 58, 42, 120),
(1139, 58, 6, 72),
(1140, 58, 24, 27),
(1141, 58, 48, 46),
(1142, 58, 26, 43),
(1143, 58, 3, 66),
(1144, 58, 64, 74),
(1145, 58, 11, 89),
(1146, 58, 33, 60),
(1147, 58, 77, 79),
(1148, 58, 19, 91),
(1149, 58, 37, 73),
(1150, 58, 34, 40),
(1151, 58, 46, 67),
(1152, 58, 35, 12),
(1153, 58, 47, 49),
(1154, 58, 70, 28),
(1155, 58, 88, 9),
(1156, 58, 29, 126),
(1157, 58, 4, 57),
(1158, 58, 33, 36),
(1159, 58, 17, 100),
(1160, 58, 45, 15),
(1161, 58, 19, 110),
(1162, 58, 28, 78),
(1163, 58, 30, 105),
(1164, 58, 80, 7),
(1165, 58, 44, 76),
(1166, 58, 3, 24),
(1167, 58, 60, 99),
(1168, 58, 41, 69),
(1169, 58, 34, 62),
(1170, 58, 25, 118),
(1171, 58, 57, 23),
(1172, 58, 15, 63),
(1173, 58, 49, 101),
(1174, 58, 56, 113),
(1175, 58, 22, 59),
(1176, 58, 39, 87),
(1177, 58, 59, 104),
(1178, 58, 72, 10),
(1179, 58, 23, 5),
(1180, 58, 25, 11),
(1181, 58, 80, 88),
(1182, 58, 29, 127),
(1183, 58, 17, 37),
(1185, 58, 77, 130),
(1186, 58, 19, 39),
(1187, 58, 28, 94),
(1188, 58, 52, 18),
(1189, 61, 57, 110),
(1190, 61, 7, 116),
(1191, 61, 39, 113),
(1192, 61, 54, 40),
(1193, 61, 39, 51),
(1194, 61, 65, 39),
(1195, 61, 41, 102),
(1196, 61, 44, 34),
(1197, 61, 85, 42),
(1198, 61, 8, 119),
(1199, 61, 98, 70),
(1200, 61, 57, 87),
(1201, 61, 94, 63),
(1202, 61, 59, 79),
(1203, 61, 2, 7),
(1204, 61, 111, 47),
(1205, 61, 5, 85),
(1206, 61, 80, 11),
(1207, 61, 1, 67),
(1208, 61, 80, 43),
(1209, 61, 22, 108),
(1210, 61, 96, 33),
(1211, 61, 25, 118),
(1212, 61, 20, 98),
(1213, 61, 57, 101),
(1214, 61, 95, 9),
(1215, 61, 35, 37),
(1216, 61, 12, 107),
(1218, 61, 3, 18),
(1219, 61, 72, 38),
(1220, 61, 96, 72),
(1221, 61, 56, 44),
(1222, 61, 2, 123),
(1223, 61, 40, 92),
(1224, 61, 57, 131),
(1225, 61, 4, 106),
(1226, 61, 59, 89),
(1227, 61, 66, 100),
(1228, 61, 59, 122),
(1229, 61, 8, 91),
(1230, 61, 83, 59),
(1231, 61, 35, 31),
(1232, 61, 51, 121),
(1233, 61, 89, 95),
(1235, 61, 73, 22),
(1236, 61, 79, 88),
(1237, 61, 24, 114),
(1238, 61, 76, 127),
(1239, 61, 58, 128),
(1240, 61, 68, 77),
(1241, 61, 79, 29),
(1242, 61, 112, 5),
(1243, 61, 77, 74),
(1244, 61, 72, 130),
(1245, 61, 107, 32),
(1246, 61, 38, 46),
(1247, 61, 81, 15),
(1248, 61, 77, 24),
(1249, 61, 6, 120),
(1250, 61, 96, 103),
(1251, 61, 49, 62),
(1252, 61, 62, 111),
(1253, 61, 2, 27),
(1254, 61, 88, 28),
(1255, 61, 80, 17),
(1256, 61, 31, 4),
(1257, 61, 62, 60),
(1258, 61, 94, 1),
(1259, 61, 35, 19),
(1260, 61, 35, 125),
(1261, 61, 30, 56),
(1262, 61, 57, 25),
(1263, 61, 8, 45),
(1265, 62, 34, 90),
(1266, 62, 19, 69),
(1267, 62, 29, 45),
(1268, 62, 24, 41),
(1269, 62, 10, 13),
(1270, 62, 47, 16),
(1271, 62, 21, 107),
(1272, 62, 18, 89),
(1273, 62, 71, 47),
(1274, 62, 31, 64),
(1275, 62, 47, 34),
(1276, 62, 46, 70),
(1277, 62, 19, 40),
(1278, 62, 65, 92),
(1279, 62, 43, 60),
(1280, 62, 5, 63),
(1281, 62, 72, 28),
(1282, 62, 57, 110),
(1283, 62, 34, 7),
(1284, 62, 81, 12),
(1285, 62, 75, 108),
(1286, 62, 26, 19),
(1287, 62, 6, 91),
(1288, 62, 71, 73),
(1289, 62, 38, 105),
(1290, 62, 14, 22),
(1291, 62, 45, 10),
(1292, 62, 27, 39),
(1293, 62, 38, 115),
(1294, 62, 42, 38),
(1295, 62, 24, 52),
(1296, 62, 23, 78),
(1297, 62, 57, 68),
(1298, 62, 33, 4),
(1299, 62, 19, 33),
(1300, 62, 81, 106),
(1301, 62, 12, 103),
(1302, 62, 24, 2),
(1303, 62, 30, 50),
(1304, 62, 18, 57),
(1305, 62, 2, 23),
(1306, 62, 18, 82),
(1307, 62, 22, 14),
(1308, 62, 45, 84),
(1309, 62, 1, 75),
(1310, 62, 29, 67),
(1311, 62, 65, 31),
(1312, 62, 30, 18),
(1313, 62, 30, 6),
(1314, 62, 21, 3),
(1315, 62, 74, 29),
(1316, 64, 5, 91),
(1317, 64, 6, 40),
(1318, 64, 4, 103),
(1319, 64, 11, 65),
(1320, 64, 17, 60),
(1321, 64, 6, 11),
(1322, 64, 17, 102),
(1323, 64, 26, 57),
(1324, 64, 5, 42),
(1325, 64, 11, 24),
(1326, 64, 46, 18),
(1327, 64, 46, 27),
(1328, 64, 26, 105),
(1329, 64, 6, 78),
(1330, 64, 1, 94),
(1331, 64, 17, 99),
(1332, 65, 25, 57),
(1333, 65, 17, 23),
(1334, 65, 72, 22),
(1335, 65, 10, 59),
(1336, 65, 63, 11),
(1337, 65, 25, 34),
(1338, 65, 63, 10),
(1339, 65, 26, 19),
(1340, 65, 40, 62),
(1341, 65, 6, 74),
(1342, 65, 25, 5),
(1343, 65, 25, 58),
(1344, 65, 1, 31),
(1345, 65, 46, 67),
(1346, 65, 2, 71),
(1347, 65, 4, 8),
(1348, 65, 8, 17),
(1349, 65, 3, 4),
(1350, 65, 46, 16),
(1351, 65, 1, 9),
(1352, 67, 28, 68),
(1353, 67, 6, 74),
(1354, 67, 1, 65),
(1355, 67, 63, 90),
(1356, 67, 28, 34),
(1357, 67, 6, 67),
(1358, 67, 60, 18),
(1359, 67, 9, 66),
(1360, 67, 16, 10),
(1361, 67, 1, 52),
(1362, 67, 60, 53),
(1363, 67, 27, 81),
(1364, 67, 28, 89),
(1365, 67, 2, 87),
(1366, 67, 27, 48),
(1367, 67, 37, 6),
(1368, 67, 16, 13),
(1369, 67, 27, 16),
(1370, 67, 10, 7),
(1371, 67, 17, 5),
(1372, 67, 4, 8),
(1373, 67, 60, 63),
(1374, 67, 2, 55),
(1375, 67, 29, 59),
(1376, 67, 12, 61),
(1377, 67, 1, 27),
(1378, 67, 11, 43),
(1379, 68, 97, 46),
(1380, 68, 62, 97),
(1381, 68, 7, 24),
(1382, 68, 15, 37),
(1383, 68, 57, 67),
(1384, 68, 52, 35),
(1385, 68, 68, 30),
(1386, 68, 18, 11),
(1387, 68, 80, 86),
(1388, 68, 71, 87),
(1389, 68, 46, 25),
(1390, 68, 100, 93),
(1391, 68, 19, 115),
(1392, 68, 86, 96),
(1393, 68, 64, 54),
(1394, 68, 77, 9),
(1395, 68, 71, 116),
(1396, 68, 27, 22),
(1397, 68, 49, 34),
(1398, 68, 96, 104),
(1399, 68, 5, 66),
(1400, 68, 22, 114),
(1401, 68, 4, 42),
(1402, 68, 64, 83),
(1404, 68, 8, 91),
(1405, 68, 105, 70),
(1406, 68, 55, 113),
(1407, 68, 28, 57),
(1408, 68, 9, 109),
(1409, 68, 49, 5),
(1410, 68, 53, 105),
(1411, 68, 43, 81),
(1412, 68, 65, 6),
(1413, 68, 39, 98),
(1414, 68, 30, 75),
(1415, 68, 106, 13),
(1416, 68, 50, 85),
(1417, 68, 113, 31),
(1418, 68, 105, 14),
(1419, 68, 88, 15),
(1420, 68, 70, 110),
(1421, 68, 101, 82),
(1422, 68, 64, 73),
(1423, 68, 34, 44),
(1424, 68, 88, 79),
(1425, 68, 78, 36),
(1426, 68, 48, 18),
(1427, 68, 42, 19),
(1428, 68, 8, 106),
(1429, 68, 79, 108),
(1430, 68, 92, 61),
(1431, 68, 59, 64),
(1432, 68, 51, 112),
(1433, 68, 60, 26),
(1434, 68, 3, 72),
(1435, 68, 76, 55),
(1436, 68, 44, 60),
(1437, 68, 1, 99),
(1438, 68, 46, 45),
(1439, 68, 1, 28),
(1440, 68, 31, 40),
(1441, 68, 60, 39),
(1442, 68, 3, 76),
(1443, 68, 21, 51),
(1444, 68, 61, 29),
(1445, 68, 32, 50),
(1446, 68, 27, 101),
(1447, 68, 14, 10),
(1448, 68, 27, 100),
(1449, 68, 78, 77),
(1450, 68, 45, 17),
(1451, 68, 77, 80),
(1452, 68, 25, 4),
(1453, 68, 94, 2),
(1454, 68, 66, 33),
(1455, 68, 35, 102),
(1456, 69, 21, 76),
(1457, 69, 34, 46),
(1458, 69, 63, 5),
(1459, 69, 28, 63),
(1460, 69, 43, 78),
(1461, 69, 12, 68),
(1462, 69, 41, 52),
(1463, 69, 9, 50),
(1464, 69, 41, 8),
(1465, 69, 6, 3),
(1466, 69, 32, 44),
(1467, 69, 33, 65),
(1468, 69, 14, 41),
(1469, 69, 41, 6),
(1470, 69, 16, 82),
(1471, 69, 46, 10),
(1472, 69, 24, 75),
(1473, 69, 17, 77),
(1474, 69, 63, 67),
(1475, 69, 20, 43),
(1476, 69, 1, 49),
(1477, 69, 33, 21),
(1478, 69, 42, 80),
(1479, 69, 45, 37),
(1480, 69, 2, 62),
(1481, 69, 1, 29),
(1482, 69, 23, 45),
(1483, 69, 20, 34),
(1484, 69, 43, 83),
(1485, 69, 23, 40),
(1486, 69, 42, 2),
(1487, 69, 11, 59),
(1488, 69, 63, 12),
(1489, 69, 40, 81),
(1490, 69, 4, 35),
(1491, 69, 47, 72),
(1492, 69, 71, 19),
(1493, 69, 24, 54),
(1494, 69, 65, 57),
(1495, 69, 30, 25),
(1496, 77, 55, 45),
(1497, 77, 14, 108),
(1498, 77, 5, 93),
(1499, 77, 36, 127),
(1500, 77, 48, 65),
(1501, 77, 7, 47),
(1502, 77, 41, 110),
(1503, 77, 43, 52),
(1505, 77, 20, 124),
(1506, 77, 43, 3),
(1507, 77, 1, 49),
(1508, 77, 45, 122),
(1509, 77, 2, 42),
(1510, 77, 25, 58),
(1511, 77, 2, 87),
(1512, 77, 32, 128),
(1513, 77, 32, 55),
(1514, 77, 46, 44),
(1515, 77, 54, 68),
(1516, 77, 81, 84),
(1517, 77, 18, 10),
(1518, 77, 28, 129),
(1519, 77, 60, 64),
(1520, 77, 12, 33),
(1521, 77, 15, 102),
(1522, 77, 17, 91),
(1523, 77, 19, 92),
(1524, 77, 5, 25),
(1525, 77, 21, 90),
(1526, 77, 75, 97),
(1527, 77, 13, 83),
(1528, 77, 10, 9),
(1529, 77, 19, 18),
(1530, 77, 18, 27),
(1531, 77, 20, 41),
(1532, 77, 45, 126),
(1533, 77, 20, 21),
(1534, 77, 40, 62),
(1535, 77, 71, 118),
(1536, 77, 45, 66),
(1537, 77, 13, 88),
(1538, 77, 8, 11),
(1539, 77, 42, 80),
(1540, 77, 32, 70),
(1541, 77, 8, 109),
(1542, 77, 81, 63),
(1543, 77, 24, 34),
(1545, 77, 5, 53),
(1546, 77, 19, 61),
(1547, 77, 45, 115),
(1548, 77, 28, 5),
(1549, 77, 71, 81),
(1550, 77, 39, 56),
(1551, 77, 53, 96),
(1552, 77, 20, 117),
(1553, 77, 30, 78),
(1555, 77, 53, 95),
(1556, 77, 33, 107),
(1557, 67, 114, 45),
(1558, 67, 114, 46),
(1559, 67, 115, 76),
(1560, 67, 116, 11),
(1561, 67, 116, 22),
(1562, 67, 116, 33),
(1563, 67, 116, 44),
(1564, 67, 116, 77),
(1565, 67, 116, 88),
(1566, 15, 117, 84);

--
-- Constraints for dumped tables
--

--
-- Constraints for table `hall`
--
ALTER TABLE `hall`
  ADD CONSTRAINT `FK_1B8FA83FB4CB84B6` FOREIGN KEY (`cinema_id`) REFERENCES `cinema` (`id`) ON DELETE CASCADE;

--
-- Constraints for table `session`
--
ALTER TABLE `session`
  ADD CONSTRAINT `FK_D044D5D4567F5183` FOREIGN KEY (`film_id`) REFERENCES `film` (`id`) ON DELETE CASCADE,
  ADD CONSTRAINT `FK_D044D5D452AFCFD6` FOREIGN KEY (`hall_id`) REFERENCES `hall` (`id`) ON DELETE CASCADE;

--
-- Constraints for table `ticket`
--
ALTER TABLE `ticket`
  ADD CONSTRAINT `FK_97A0ADA3613FECDF` FOREIGN KEY (`session_id`) REFERENCES `session` (`id`) ON DELETE CASCADE,
  ADD CONSTRAINT `FK_97A0ADA35913AEBF` FOREIGN KEY (`reserve_id`) REFERENCES `reserve` (`id`) ON DELETE CASCADE;
SET FOREIGN_KEY_CHECKS=1;

/*!40101 SET CHARACTER_SET_CLIENT=@OLD_CHARACTER_SET_CLIENT */;
/*!40101 SET CHARACTER_SET_RESULTS=@OLD_CHARACTER_SET_RESULTS */;
/*!40101 SET COLLATION_CONNECTION=@OLD_COLLATION_CONNECTION */;
